canonical_ticker,session_date,adjusted_open,adjusted_high,adjusted_low,adjusted_close,volume,source_symbol,delisting_return,corporate_action_note
BE,2026-05-29,280,287,268.130004882812,285,16911700,BE,,provider_adjustment_factor=1;method=adjusted_close_divided_by_raw_close_applied_to_all_ohlc
BE,2026-06-01,277.670013427734,287.690002441406,270,273.510009765625,10358100,BE,,provider_adjustment_factor=1;method=adjusted_close_divided_by_raw_close_applied_to_all_ohlc
BE,2026-06-02,280.390014648438,305.109985351562,279.100006103516,302.850006103516,12996700,BE,,provider_adjustment_factor=1;method=adjusted_close_divided_by_raw_close_applied_to_all_ohlc
BE,2026-06-03,296.809997558594,298.5,282.910003662109,287.320007324219,7869100,BE,,provider_adjustment_factor=1;method=adjusted_close_divided_by_raw_close_applied_to_all_ohlc
BE,2026-06-04,278.785003662109,295.690002441406,272.109985351562,291.369995117188,6633400,BE,,provider_adjustment_factor=1;method=adjusted_close_divided_by_raw_close_applied_to_all_ohlc
BE,2026-06-05,280,280.410003662109,252.080001831055,263.609985351562,11653200,BE,,provider_adjustment_factor=1;method=adjusted_close_divided_by_raw_close_applied_to_all_ohlc
BE,2026-06-08,265.5,265.510009765625,248.582000732422,253.570007324219,8618500,BE,,provider_adjustment_factor=1;method=adjusted_close_divided_by_raw_close_applied_to_all_ohlc
BE,2026-06-09,261.940002441406,280.739990234375,241.919998168945,259.609985351562,16201400,BE,,provider_adjustment_factor=1;method=adjusted_close_divided_by_raw_close_applied_to_all_ohlc
BE,2026-06-10,248.190002441406,258.630004882812,230.604995727539,234.229995727539,15509100,BE,,provider_adjustment_factor=1;method=adjusted_close_divided_by_raw_close_applied_to_all_ohlc
BE,2026-06-11,239.705001831055,252.820007324219,232.820007324219,248.880004882812,8874300,BE,,provider_adjustment_factor=1;method=adjusted_close_divided_by_raw_close_applied_to_all_ohlc
BE,2026-06-12,246,269.230010986328,245,260.220001220703,8610600,BE,,provider_adjustment_factor=1;method=adjusted_close_divided_by_raw_close_applied_to_all_ohlc
BE,2026-06-15,272.989990234375,280.5,269.529998779297,274.5,9171700,BE,,provider_adjustment_factor=1;method=adjusted_close_divided_by_raw_close_applied_to_all_ohlc
BE,2026-06-16,274.100006103516,297.970001220703,271.010009765625,280.880004882812,11266700,BE,,provider_adjustment_factor=1;method=adjusted_close_divided_by_raw_close_applied_to_all_ohlc
BE,2026-06-17,283.410003662109,295.825012207031,280.410003662109,284.989990234375,11015900,BE,,provider_adjustment_factor=1;method=adjusted_close_divided_by_raw_close_applied_to_all_ohlc
BE,2026-06-18,297.600006103516,329.510009765625,294.809997558594,328.910003662109,16009200,BE,,provider_adjustment_factor=1;method=adjusted_close_divided_by_raw_close_applied_to_all_ohlc
BE,2026-06-22,332,349.989990234375,330,345.850006103516,11308600,BE,,provider_adjustment_factor=1;method=adjusted_close_divided_by_raw_close_applied_to_all_ohlc
BE,2026-06-23,309.350006103516,329.690002441406,300.309997558594,321.980010986328,11493600,BE,,provider_adjustment_factor=1;method=adjusted_close_divided_by_raw_close_applied_to_all_ohlc
BE,2026-06-24,327.549987792969,345.5,315.010009765625,326.190002441406,11015300,BE,,provider_adjustment_factor=1;method=adjusted_close_divided_by_raw_close_applied_to_all_ohlc
BE,2026-06-25,346.290008544922,351.279998779297,297.970001220703,309.179992675781,13128300,BE,,provider_adjustment_factor=1;method=adjusted_close_divided_by_raw_close_applied_to_all_ohlc
BE,2026-06-26,294.519989013672,298.529998779297,247.740005493164,252.020004272461,57203700,BE,,provider_adjustment_factor=1;method=adjusted_close_divided_by_raw_close_applied_to_all_ohlc
BE,2026-06-29,272.450012207031,283.619995117188,261.329986572266,275.010009765625,17520600,BE,,provider_adjustment_factor=1;method=adjusted_close_divided_by_raw_close_applied_to_all_ohlc
BE,2026-06-30,279.700012207031,308.820007324219,279.320007324219,302.700012207031,14490600,BE,,provider_adjustment_factor=1;method=adjusted_close_divided_by_raw_close_applied_to_all_ohlc
BE,2026-07-01,290.630004882812,320,286.25,289.5,16354900,BE,,provider_adjustment_factor=1;method=adjusted_close_divided_by_raw_close_applied_to_all_ohlc
BE,2026-07-02,297.869995117188,307.819000244141,257.510009765625,270.890014648438,15724900,BE,,provider_adjustment_factor=1;method=adjusted_close_divided_by_raw_close_applied_to_all_ohlc
BE,2026-07-06,280.920013427734,305.410003662109,276.679992675781,295.049987792969,11624400,BE,,provider_adjustment_factor=1;method=adjusted_close_divided_by_raw_close_applied_to_all_ohlc
BE,2026-07-07,286.5,290.920013427734,261.510009765625,269.570007324219,11188700,BE,,provider_adjustment_factor=1;method=adjusted_close_divided_by_raw_close_applied_to_all_ohlc
BE,2026-07-08,262.595001220703,269.720001220703,235.339996337891,254.289993286133,19197800,BE,,provider_adjustment_factor=1;method=adjusted_close_divided_by_raw_close_applied_to_all_ohlc
BE,2026-07-09,276.079986572266,276.079986572266,253.320007324219,257.019989013672,10512100,BE,,provider_adjustment_factor=1;method=adjusted_close_divided_by_raw_close_applied_to_all_ohlc
BE,2026-07-10,251.205001831055,251.205001831055,229.550003051758,244.610000610352,14888300,BE,,provider_adjustment_factor=1;method=adjusted_close_divided_by_raw_close_applied_to_all_ohlc
BE,2026-07-13,231.380004882812,246.789993286133,228.300003051758,233.490005493164,10068600,BE,,provider_adjustment_factor=1;method=adjusted_close_divided_by_raw_close_applied_to_all_ohlc
BE,2026-07-14,246.589996337891,252,234.529998779297,243.399993896484,8768300,BE,,provider_adjustment_factor=1;method=adjusted_close_divided_by_raw_close_applied_to_all_ohlc
BE,2026-07-15,243.100006103516,244.492004394531,216.279998779297,239.380004882812,11200200,BE,,provider_adjustment_factor=1;method=adjusted_close_divided_by_raw_close_applied_to_all_ohlc
BE,2026-07-16,228.300003051758,229.979995727539,204.555999755859,206.729995727539,16336100,BE,,provider_adjustment_factor=1;method=adjusted_close_divided_by_raw_close_applied_to_all_ohlc
BE,2026-07-17,200.979995727539,223.75,194.600006103516,214.960006713867,17067000,BE,,provider_adjustment_factor=1;method=adjusted_close_divided_by_raw_close_applied_to_all_ohlc
BE,2026-07-20,213.875,220,195.091003417969,197.059997558594,17260000,BE,,provider_adjustment_factor=1;method=adjusted_close_divided_by_raw_close_applied_to_all_ohlc
BE,2026-07-21,211.070007324219,229.899993896484,207.598007202148,226.259994506836,14946900,BE,,provider_adjustment_factor=1;method=adjusted_close_divided_by_raw_close_applied_to_all_ohlc
BE,2026-07-22,217.570007324219,229.860000610352,216.514999389648,218.220001220703,9325600,BE,,provider_adjustment_factor=1;method=adjusted_close_divided_by_raw_close_applied_to_all_ohlc
BE,2026-07-23,215.020004272461,229.669998168945,213.751007080078,217.300003051758,9430500,BE,,provider_adjustment_factor=1;method=adjusted_close_divided_by_raw_close_applied_to_all_ohlc
BE,2026-07-24,214.190002441406,214.190002441406,183.220001220703,184.889999389648,16017600,BE,,provider_adjustment_factor=1;method=adjusted_close_divided_by_raw_close_applied_to_all_ohlc
CAR,2026-05-29,176.130004882812,181.309997558594,171.25,175.839996337891,1607400,CAR,,provider_adjustment_factor=1;method=adjusted_close_divided_by_raw_close_applied_to_all_ohlc
CAR,2026-06-01,173.509994506836,177.690002441406,167.570007324219,169.360000610352,493900,CAR,,provider_adjustment_factor=1;method=adjusted_close_divided_by_raw_close_applied_to_all_ohlc
CAR,2026-06-02,168.820007324219,174.610000610352,167.380004882812,172.380004882812,359700,CAR,,provider_adjustment_factor=1;method=adjusted_close_divided_by_raw_close_applied_to_all_ohlc
CAR,2026-06-03,173.179992675781,178.479995727539,169.149993896484,173.860000610352,541200,CAR,,provider_adjustment_factor=1;method=adjusted_close_divided_by_raw_close_applied_to_all_ohlc
CAR,2026-06-04,175.5,181,172.820007324219,176.800003051758,2419900,CAR,,provider_adjustment_factor=1;method=adjusted_close_divided_by_raw_close_applied_to_all_ohlc
CAR,2026-06-05,175.429992675781,177.690002441406,170.339996337891,176.789993286133,372700,CAR,,provider_adjustment_factor=1;method=adjusted_close_divided_by_raw_close_applied_to_all_ohlc
CAR,2026-06-08,181,188.229995727539,179.020004272461,179.100006103516,742100,CAR,,provider_adjustment_factor=1;method=adjusted_close_divided_by_raw_close_applied_to_all_ohlc
CAR,2026-06-09,181.800003051758,183.740005493164,175,181.339996337891,569500,CAR,,provider_adjustment_factor=1;method=adjusted_close_divided_by_raw_close_applied_to_all_ohlc
CAR,2026-06-10,180.75,188.100006103516,179.5,186.830001831055,553500,CAR,,provider_adjustment_factor=1;method=adjusted_close_divided_by_raw_close_applied_to_all_ohlc
CAR,2026-06-11,187.020004272461,191.169998168945,184.050003051758,189.610000610352,740100,CAR,,provider_adjustment_factor=1;method=adjusted_close_divided_by_raw_close_applied_to_all_ohlc
CAR,2026-06-12,191.679992675781,191.679992675781,184.5,187.119995117188,279000,CAR,,provider_adjustment_factor=1;method=adjusted_close_divided_by_raw_close_applied_to_all_ohlc
CAR,2026-06-15,187.380004882812,191.080001831055,185,190.070007324219,456900,CAR,,provider_adjustment_factor=1;method=adjusted_close_divided_by_raw_close_applied_to_all_ohlc
CAR,2026-06-16,187.5,191.970001220703,185,185.490005493164,304300,CAR,,provider_adjustment_factor=1;method=adjusted_close_divided_by_raw_close_applied_to_all_ohlc
CAR,2026-06-17,185.490005493164,187.490005493164,178.320007324219,180.880004882812,375500,CAR,,provider_adjustment_factor=1;method=adjusted_close_divided_by_raw_close_applied_to_all_ohlc
CAR,2026-06-18,181.339996337891,191.210006713867,181.160003662109,188.429992675781,939900,CAR,,provider_adjustment_factor=1;method=adjusted_close_divided_by_raw_close_applied_to_all_ohlc
CAR,2026-06-22,187.649993896484,189.940002441406,184.460006713867,186.279998779297,329800,CAR,,provider_adjustment_factor=1;method=adjusted_close_divided_by_raw_close_applied_to_all_ohlc
CAR,2026-06-23,193.199996948242,197.279998779297,188.080001831055,190.460006713867,566600,CAR,,provider_adjustment_factor=1;method=adjusted_close_divided_by_raw_close_applied_to_all_ohlc
CAR,2026-06-24,183.880004882812,186.580001831055,174.449996948242,175.289993286133,633900,CAR,,provider_adjustment_factor=1;method=adjusted_close_divided_by_raw_close_applied_to_all_ohlc
CAR,2026-06-25,174.740005493164,176.5,163.550003051758,165.199996948242,2316100,CAR,,provider_adjustment_factor=1;method=adjusted_close_divided_by_raw_close_applied_to_all_ohlc
CAR,2026-06-26,164.649993896484,170.740005493164,164.369995117188,166.490005493164,1075400,CAR,,provider_adjustment_factor=1;method=adjusted_close_divided_by_raw_close_applied_to_all_ohlc
CAR,2026-06-29,164.699996948242,168,154.059997558594,155.179992675781,1372900,CAR,,provider_adjustment_factor=1;method=adjusted_close_divided_by_raw_close_applied_to_all_ohlc
CAR,2026-06-30,151.899993896484,153.100006103516,144.399993896484,147.830001831055,986500,CAR,,provider_adjustment_factor=1;method=adjusted_close_divided_by_raw_close_applied_to_all_ohlc
CAR,2026-07-01,146.979995727539,150.479995727539,145.339996337891,146.940002441406,1296200,CAR,,provider_adjustment_factor=1;method=adjusted_close_divided_by_raw_close_applied_to_all_ohlc
CAR,2026-07-02,148.779998779297,163.830001831055,147.860000610352,163.440002441406,543000,CAR,,provider_adjustment_factor=1;method=adjusted_close_divided_by_raw_close_applied_to_all_ohlc
CAR,2026-07-06,161.990005493164,164.199996948242,154.690002441406,158.399993896484,568400,CAR,,provider_adjustment_factor=1;method=adjusted_close_divided_by_raw_close_applied_to_all_ohlc
CAR,2026-07-07,158.639999389648,159.809997558594,152.369995117188,155.490005493164,349600,CAR,,provider_adjustment_factor=1;method=adjusted_close_divided_by_raw_close_applied_to_all_ohlc
CAR,2026-07-08,154.139999389648,156.199996948242,150,153.179992675781,408000,CAR,,provider_adjustment_factor=1;method=adjusted_close_divided_by_raw_close_applied_to_all_ohlc
CAR,2026-07-09,155.320007324219,162.940002441406,153.5,159.679992675781,321300,CAR,,provider_adjustment_factor=1;method=adjusted_close_divided_by_raw_close_applied_to_all_ohlc
CAR,2026-07-10,159.529998779297,161.139999389648,154.729995727539,156.190002441406,258300,CAR,,provider_adjustment_factor=1;method=adjusted_close_divided_by_raw_close_applied_to_all_ohlc
CAR,2026-07-13,157.179992675781,157.350006103516,151.050003051758,155.850006103516,352700,CAR,,provider_adjustment_factor=1;method=adjusted_close_divided_by_raw_close_applied_to_all_ohlc
CAR,2026-07-14,155.5,160.710006713867,151.240005493164,159.779998779297,333200,CAR,,provider_adjustment_factor=1;method=adjusted_close_divided_by_raw_close_applied_to_all_ohlc
CAR,2026-07-15,161.75,171,157.940002441406,160.910003662109,421500,CAR,,provider_adjustment_factor=1;method=adjusted_close_divided_by_raw_close_applied_to_all_ohlc
CAR,2026-07-16,161.130004882812,163.710006713867,153.509994506836,156.350006103516,310900,CAR,,provider_adjustment_factor=1;method=adjusted_close_divided_by_raw_close_applied_to_all_ohlc
CAR,2026-07-17,153.229995727539,162.990005493164,153.229995727539,160.570007324219,515700,CAR,,provider_adjustment_factor=1;method=adjusted_close_divided_by_raw_close_applied_to_all_ohlc
CAR,2026-07-20,159.009994506836,163.869995117188,157.880004882812,159.520004272461,258500,CAR,,provider_adjustment_factor=1;method=adjusted_close_divided_by_raw_close_applied_to_all_ohlc
CAR,2026-07-21,159.5,163.130004882812,158.220001220703,162.240005493164,1361200,CAR,,provider_adjustment_factor=1;method=adjusted_close_divided_by_raw_close_applied_to_all_ohlc
CAR,2026-07-22,164.419998168945,167.440002441406,163.570007324219,164.360000610352,430900,CAR,,provider_adjustment_factor=1;method=adjusted_close_divided_by_raw_close_applied_to_all_ohlc
CAR,2026-07-23,162.25,164.399993896484,158.800003051758,159.039993286133,220400,CAR,,provider_adjustment_factor=1;method=adjusted_close_divided_by_raw_close_applied_to_all_ohlc
CAR,2026-07-24,159.229995727539,163.300003051758,157,159.479995727539,207600,CAR,,provider_adjustment_factor=1;method=adjusted_close_divided_by_raw_close_applied_to_all_ohlc
GEV,2026-05-29,995.501362051268,1003.25740889364,951.5238322064,967.825500488281,5276800,GEV,,provider_adjustment_factor=0.999489314656108;method=adjusted_close_divided_by_raw_close_applied_to_all_ohlc
GEV,2026-06-01,959.479742487666,970.144337557741,938.520480527137,950.054565429688,2679300,GEV,,provider_adjustment_factor=0.999489329634863;method=adjusted_close_divided_by_raw_close_applied_to_all_ohlc
GEV,2026-06-02,962.288369544466,976.501078581309,943.667878385774,969.1748046875,2248200,GEV,,provider_adjustment_factor=0.999489333245967;method=adjusted_close_divided_by_raw_close_applied_to_all_ohlc
GEV,2026-06-03,976.491057684687,991.493402087802,956.101512228015,958.870056152344,2079500,GEV,,provider_adjustment_factor=0.999489316620769;method=adjusted_close_divided_by_raw_close_applied_to_all_ohlc
GEV,2026-06-04,939.519970571238,968.255288820093,922.528651954525,962.838073730469,2180400,GEV,,provider_adjustment_factor=0.999489330394934;method=adjusted_close_divided_by_raw_close_applied_to_all_ohlc
GEV,2026-06-05,946.806184838317,952.513290629229,920.984418148017,933.133178710938,3053500,GEV,,provider_adjustment_factor=0.99948928712406;method=adjusted_close_divided_by_raw_close_applied_to_all_ohlc
GEV,2026-06-08,947.425863819269,952.303376423345,931.384072953204,933.373046875,1842200,GEV,,provider_adjustment_factor=0.99948928765497;method=adjusted_close_divided_by_raw_close_applied_to_all_ohlc
GEV,2026-06-09,927.516076789155,947.355976232756,877.551615847927,919.680114746094,3842700,GEV,,provider_adjustment_factor=0.999489311899689;method=adjusted_close_divided_by_raw_close_applied_to_all_ohlc
GEV,2026-06-10,897.051664671455,907.586260087832,855.572858107964,866.647216796875,5302800,GEV,,provider_adjustment_factor=0.999489314782919;method=adjusted_close_divided_by_raw_close_applied_to_all_ohlc
GEV,2026-06-11,887.616493389158,920.049934230635,884.283174524281,906.326904296875,4261200,GEV,,provider_adjustment_factor=0.999489326369182;method=adjusted_close_divided_by_raw_close_applied_to_all_ohlc
GEV,2026-06-12,907.03652752996,943.198042596297,907.03652752996,940.179565429688,2787700,GEV,,provider_adjustment_factor=0.999489286534392;method=adjusted_close_divided_by_raw_close_applied_to_all_ohlc
GEV,2026-06-15,969.504631950349,986.715808608832,956.871072414699,978.570007324219,3428200,GEV,,provider_adjustment_factor=0.99948931128902;method=adjusted_close_divided_by_raw_close_applied_to_all_ohlc
GEV,2026-06-16,991.849975585938,1009.29998779297,980.72998046875,982.349975585938,2761100,GEV,,provider_adjustment_factor=1;method=adjusted_close_divided_by_raw_close_applied_to_all_ohlc;events=dividend=0.5
GEV,2026-06-17,997.400024414062,1065.38000488281,992,1048.85998535156,3996000,GEV,,provider_adjustment_factor=1;method=adjusted_close_divided_by_raw_close_applied_to_all_ohlc
GEV,2026-06-18,1091.03002929688,1117.9599609375,1087.28002929688,1109.72998046875,4344700,GEV,,provider_adjustment_factor=1;method=adjusted_close_divided_by_raw_close_applied_to_all_ohlc
GEV,2026-06-22,1130.0400390625,1142,1112.43005371094,1127.58996582031,3916300,GEV,,provider_adjustment_factor=1;method=adjusted_close_divided_by_raw_close_applied_to_all_ohlc
GEV,2026-06-23,1055.15002441406,1073,1034,1034.97998046875,3919200,GEV,,provider_adjustment_factor=1;method=adjusted_close_divided_by_raw_close_applied_to_all_ohlc
GEV,2026-06-24,1046.16003417969,1070.9990234375,1023.08001708984,1057.65002441406,2948100,GEV,,provider_adjustment_factor=1;method=adjusted_close_divided_by_raw_close_applied_to_all_ohlc
GEV,2026-06-25,1089.0400390625,1109.97998046875,1055,1085.46997070312,2750900,GEV,,provider_adjustment_factor=1;method=adjusted_close_divided_by_raw_close_applied_to_all_ohlc
GEV,2026-06-26,1049.27502441406,1084.40100097656,1042,1045.17004394531,3654200,GEV,,provider_adjustment_factor=1;method=adjusted_close_divided_by_raw_close_applied_to_all_ohlc
GEV,2026-06-29,1055.65002441406,1111.72998046875,1047,1102.51000976562,3180500,GEV,,provider_adjustment_factor=1;method=adjusted_close_divided_by_raw_close_applied_to_all_ohlc
GEV,2026-06-30,1117,1178.19995117188,1103.34997558594,1174.85998535156,3096200,GEV,,provider_adjustment_factor=1;method=adjusted_close_divided_by_raw_close_applied_to_all_ohlc
GEV,2026-07-01,1146.40002441406,1161.68994140625,1116.58996582031,1134.34997558594,2359600,GEV,,provider_adjustment_factor=1;method=adjusted_close_divided_by_raw_close_applied_to_all_ohlc
GEV,2026-07-02,1138.93505859375,1143.36999511719,1087.07995605469,1113.10998535156,2360300,GEV,,provider_adjustment_factor=1;method=adjusted_close_divided_by_raw_close_applied_to_all_ohlc
GEV,2026-07-06,1140.52001953125,1195.93994140625,1138.48999023438,1152.0400390625,2882900,GEV,,provider_adjustment_factor=1;method=adjusted_close_divided_by_raw_close_applied_to_all_ohlc
GEV,2026-07-07,1096.83996582031,1099.25598144531,1028,1077.07995605469,4223700,GEV,,provider_adjustment_factor=1;method=adjusted_close_divided_by_raw_close_applied_to_all_ohlc
GEV,2026-07-08,1075,1109.19995117188,1050.9599609375,1070.98999023438,2804200,GEV,,provider_adjustment_factor=1;method=adjusted_close_divided_by_raw_close_applied_to_all_ohlc
GEV,2026-07-09,1110,1115.07495117188,1065.31005859375,1075.26000976562,2327800,GEV,,provider_adjustment_factor=1;method=adjusted_close_divided_by_raw_close_applied_to_all_ohlc
GEV,2026-07-10,1077,1102.7900390625,1053.99499511719,1091.56994628906,1738800,GEV,,provider_adjustment_factor=1;method=adjusted_close_divided_by_raw_close_applied_to_all_ohlc
GEV,2026-07-13,1070,1089.2099609375,1038.89001464844,1042.59997558594,2258500,GEV,,provider_adjustment_factor=1;method=adjusted_close_divided_by_raw_close_applied_to_all_ohlc
GEV,2026-07-14,1071.06994628906,1082,1057.46997070312,1066.01000976562,1771500,GEV,,provider_adjustment_factor=1;method=adjusted_close_divided_by_raw_close_applied_to_all_ohlc
GEV,2026-07-15,1070.91003417969,1078.82104492188,1000.25,1055.28002929688,2693400,GEV,,provider_adjustment_factor=1;method=adjusted_close_divided_by_raw_close_applied_to_all_ohlc
GEV,2026-07-16,1034.98999023438,1049.89001464844,1013.33001708984,1036.21997070312,2829500,GEV,,provider_adjustment_factor=1;method=adjusted_close_divided_by_raw_close_applied_to_all_ohlc
GEV,2026-07-17,995,1069.10998535156,982,1057.83996582031,3285000,GEV,,provider_adjustment_factor=1;method=adjusted_close_divided_by_raw_close_applied_to_all_ohlc
GEV,2026-07-20,1081,1104,1050.94995117188,1079.18005371094,2542100,GEV,,provider_adjustment_factor=1;method=adjusted_close_divided_by_raw_close_applied_to_all_ohlc
GEV,2026-07-21,1114.98999023438,1140.98999023438,1068.96997070312,1078.81005859375,3536500,GEV,,provider_adjustment_factor=1;method=adjusted_close_divided_by_raw_close_applied_to_all_ohlc
GEV,2026-07-22,1021.01000976562,1038.98498535156,985.030029296875,985.030029296875,4903800,GEV,,provider_adjustment_factor=1;method=adjusted_close_divided_by_raw_close_applied_to_all_ohlc
GEV,2026-07-23,981.309997558594,1041.7900390625,978.010009765625,1031.18994140625,3560100,GEV,,provider_adjustment_factor=1;method=adjusted_close_divided_by_raw_close_applied_to_all_ohlc
GEV,2026-07-24,1022.79498291016,1037.91003417969,997.039978027344,1014.75,2489400,GEV,,provider_adjustment_factor=1;method=adjusted_close_divided_by_raw_close_applied_to_all_ohlc
INTC,2026-05-29,123.849998474121,126.639999389648,113.540000915527,114.680000305176,191676100,INTC,,provider_adjustment_factor=1;method=adjusted_close_divided_by_raw_close_applied_to_all_ohlc
INTC,2026-06-01,109.430000305176,113.300003051758,106.330001831055,109.330001831055,134900400,INTC,,provider_adjustment_factor=1;method=adjusted_close_divided_by_raw_close_applied_to_all_ohlc
INTC,2026-06-02,107.449996948242,109,104.169998168945,107.930000305176,106336200,INTC,,provider_adjustment_factor=1;method=adjusted_close_divided_by_raw_close_applied_to_all_ohlc
INTC,2026-06-03,116.419998168945,118.290000915527,110.860000610352,112.709999084473,118928800,INTC,,provider_adjustment_factor=1;method=adjusted_close_divided_by_raw_close_applied_to_all_ohlc
INTC,2026-06-04,108.400001525879,113.139999389648,107.480003356934,111.779998779297,77325800,INTC,,provider_adjustment_factor=1;method=adjusted_close_divided_by_raw_close_applied_to_all_ohlc
INTC,2026-06-05,106.480003356934,106.480003356934,98.3300018310547,99.1699981689453,145209400,INTC,,provider_adjustment_factor=1;method=adjusted_close_divided_by_raw_close_applied_to_all_ohlc
INTC,2026-06-08,111,112.540000915527,106.660003662109,110.269996643066,136973900,INTC,,provider_adjustment_factor=1;method=adjusted_close_divided_by_raw_close_applied_to_all_ohlc
INTC,2026-06-09,112.98999786377,114,99.4599990844727,107.919998168945,149623100,INTC,,provider_adjustment_factor=1;method=adjusted_close_divided_by_raw_close_applied_to_all_ohlc
INTC,2026-06-10,106.029998779297,111.5,104.919998168945,107.040000915527,122653500,INTC,,provider_adjustment_factor=1;method=adjusted_close_divided_by_raw_close_applied_to_all_ohlc
INTC,2026-06-11,113.519996643066,119.440002441406,110.51000213623,116.959999084473,188430300,INTC,,provider_adjustment_factor=1;method=adjusted_close_divided_by_raw_close_applied_to_all_ohlc
INTC,2026-06-12,117.419998168945,127.599998474121,115.330001831055,124.569999694824,151169400,INTC,,provider_adjustment_factor=1;method=adjusted_close_divided_by_raw_close_applied_to_all_ohlc
INTC,2026-06-15,129.490005493164,132.610000610352,126.660003662109,127.860000610352,134507500,INTC,,provider_adjustment_factor=1;method=adjusted_close_divided_by_raw_close_applied_to_all_ohlc
INTC,2026-06-16,125.110000610352,128.699996948242,116,117.050003051758,132962600,INTC,,provider_adjustment_factor=1;method=adjusted_close_divided_by_raw_close_applied_to_all_ohlc
INTC,2026-06-17,121.849998474121,125.199996948242,118.059997558594,121.099998474121,115324900,INTC,,provider_adjustment_factor=1;method=adjusted_close_divided_by_raw_close_applied_to_all_ohlc
INTC,2026-06-18,131.809997558594,135.479995727539,127.900001525879,133.990005493164,233906600,INTC,,provider_adjustment_factor=1;method=adjusted_close_divided_by_raw_close_applied_to_all_ohlc
INTC,2026-06-22,139.119995117188,141.449996948242,136.210006713867,140.940002441406,127190600,INTC,,provider_adjustment_factor=1;method=adjusted_close_divided_by_raw_close_applied_to_all_ohlc
INTC,2026-06-23,129.729995727539,137.979995727539,128.300003051758,132.279998779297,132976700,INTC,,provider_adjustment_factor=1;method=adjusted_close_divided_by_raw_close_applied_to_all_ohlc
INTC,2026-06-24,133.050003051758,136.080001831055,127.949996948242,131.649993896484,104591700,INTC,,provider_adjustment_factor=1;method=adjusted_close_divided_by_raw_close_applied_to_all_ohlc
INTC,2026-06-25,139.729995727539,140.720001220703,125.410003662109,132.869995117188,122588800,INTC,,provider_adjustment_factor=1;method=adjusted_close_divided_by_raw_close_applied_to_all_ohlc
INTC,2026-06-26,128.710006713867,131.229995727539,125.5,128.320007324219,99475400,INTC,,provider_adjustment_factor=1;method=adjusted_close_divided_by_raw_close_applied_to_all_ohlc
INTC,2026-06-29,127,132.050003051758,118.5,131.720001220703,106805300,INTC,,provider_adjustment_factor=1;method=adjusted_close_divided_by_raw_close_applied_to_all_ohlc
INTC,2026-06-30,131.990005493164,142.350006103516,131.520004272461,139.630004882812,116996700,INTC,,provider_adjustment_factor=1;method=adjusted_close_divided_by_raw_close_applied_to_all_ohlc
INTC,2026-07-01,135,135.740005493164,126.680000305176,127.019996643066,113107200,INTC,,provider_adjustment_factor=1;method=adjusted_close_divided_by_raw_close_applied_to_all_ohlc
INTC,2026-07-02,128.919998168945,130.740005493164,117.629997253418,120.349998474121,124577600,INTC,,provider_adjustment_factor=1;method=adjusted_close_divided_by_raw_close_applied_to_all_ohlc
INTC,2026-07-06,122.569999694824,127.300003051758,121.519996643066,122.199996948242,86950200,INTC,,provider_adjustment_factor=1;method=adjusted_close_divided_by_raw_close_applied_to_all_ohlc
INTC,2026-07-07,116.300003051758,116.470001220703,108.300003051758,110.389999389648,140405900,INTC,,provider_adjustment_factor=1;method=adjusted_close_divided_by_raw_close_applied_to_all_ohlc
INTC,2026-07-08,108.300003051758,110.48999786377,104.410003662109,110.23999786377,105488100,INTC,,provider_adjustment_factor=1;method=adjusted_close_divided_by_raw_close_applied_to_all_ohlc
INTC,2026-07-09,114.870002746582,116.769996643066,111.51000213623,112.540000915527,99352500,INTC,,provider_adjustment_factor=1;method=adjusted_close_divided_by_raw_close_applied_to_all_ohlc
INTC,2026-07-10,109.580001831055,110.849998474121,107.449996948242,109.839996337891,70846600,INTC,,provider_adjustment_factor=1;method=adjusted_close_divided_by_raw_close_applied_to_all_ohlc
INTC,2026-07-13,105.980003356934,106.169998168945,101.790000915527,103.120002746582,100988800,INTC,,provider_adjustment_factor=1;method=adjusted_close_divided_by_raw_close_applied_to_all_ohlc
INTC,2026-07-14,107.980003356934,109.190002441406,103.589996337891,107.76000213623,91129000,INTC,,provider_adjustment_factor=1;method=adjusted_close_divided_by_raw_close_applied_to_all_ohlc
INTC,2026-07-15,109.300003051758,109.610000610352,99.1999969482422,102.98999786377,120625500,INTC,,provider_adjustment_factor=1;method=adjusted_close_divided_by_raw_close_applied_to_all_ohlc
INTC,2026-07-16,101.139999389648,101.879997253418,95.4800033569336,96.9800033569336,107742900,INTC,,provider_adjustment_factor=1;method=adjusted_close_divided_by_raw_close_applied_to_all_ohlc
INTC,2026-07-17,92.1399993896484,98.0500030517578,89.5899963378906,95.0400009155273,126779300,INTC,,provider_adjustment_factor=1;method=adjusted_close_divided_by_raw_close_applied_to_all_ohlc
INTC,2026-07-20,97.5800018310547,100.980003356934,96.9199981689453,97.0599975585938,89741400,INTC,,provider_adjustment_factor=1;method=adjusted_close_divided_by_raw_close_applied_to_all_ohlc
INTC,2026-07-21,103.190002441406,106.339996337891,101.220001220703,105.449996948242,105429400,INTC,,provider_adjustment_factor=1;method=adjusted_close_divided_by_raw_close_applied_to_all_ohlc
INTC,2026-07-22,101.550003051758,106.849998474121,101.480003356934,102.620002746582,78431000,INTC,,provider_adjustment_factor=1;method=adjusted_close_divided_by_raw_close_applied_to_all_ohlc
INTC,2026-07-23,101.139999389648,104.180000305176,99.2399978637695,100.230003356934,140806900,INTC,,provider_adjustment_factor=1;method=adjusted_close_divided_by_raw_close_applied_to_all_ohlc
INTC,2026-07-24,100.360000610352,101.73999786377,91.5800018310547,92.3199996948242,181132900,INTC,,provider_adjustment_factor=1;method=adjusted_close_divided_by_raw_close_applied_to_all_ohlc
MU,2026-05-29,956.852860518513,980.849170500169,940.365405632741,970.850708007812,60498600,MU,,provider_adjustment_factor=0.999846249235646;method=adjusted_close_divided_by_raw_close_applied_to_all_ohlc
MU,2026-06-01,1009.56475398714,1046.80902782262,1009.34481709847,1035.3408203125,46552100,MU,,provider_adjustment_factor=0.999846277462578;method=adjusted_close_divided_by_raw_close_applied_to_all_ohlc
MU,2026-06-02,1049.8384727869,1076.39444550232,1017.04353079452,1063.93627929688,47555400,MU,,provider_adjustment_factor=0.999846164558953;method=adjusted_close_divided_by_raw_close_applied_to_all_ohlc
MU,2026-06-03,1078.84408024733,1089.12252868741,1038.34030008694,1079.40393066406,40324200,MU,,provider_adjustment_factor=0.99984622059407;method=adjusted_close_divided_by_raw_close_applied_to_all_ohlc
MU,2026-06-04,1006.94513173306,1036.21065093395,971.530594723767,995.846862792969,54917200,MU,,provider_adjustment_factor=0.999846247784105;method=adjusted_close_divided_by_raw_close_applied_to_all_ohlc
MU,2026-06-05,944.254787937138,961.742088437823,863.877136230469,863.877136230469,77250500,MU,,provider_adjustment_factor=0.999846212967842;method=adjusted_close_divided_by_raw_close_applied_to_all_ohlc
MU,2026-06-08,938.12571674018,962.801913715627,916.359045365127,949.134033203125,54097800,MU,,provider_adjustment_factor=0.999846203344383;method=adjusted_close_divided_by_raw_close_applied_to_all_ohlc
MU,2026-06-09,988.028030639497,988.997913206576,854.218593891356,935.74609375,73448600,MU,,provider_adjustment_factor=0.999846220286375;method=adjusted_close_divided_by_raw_close_applied_to_all_ohlc
MU,2026-06-10,904.990821410334,957.332747046157,883.114181055314,891.742858886719,55712600,MU,,provider_adjustment_factor=0.999846228197355;method=adjusted_close_divided_by_raw_close_applied_to_all_ohlc
MU,2026-06-11,904.230928074447,996.616743925406,895.362296916697,995.716857910156,59418900,MU,,provider_adjustment_factor=0.999846227712671;method=adjusted_close_divided_by_raw_close_applied_to_all_ohlc
MU,2026-06-12,971.660564539087,1012.4642868369,960.042356202197,981.459045410156,40785200,MU,,provider_adjustment_factor=0.999846232267745;method=adjusted_close_divided_by_raw_close_applied_to_all_ohlc
MU,2026-06-15,1055.72759397971,1097.30115406117,1051.33825461858,1087.82263183594,44994600,MU,,provider_adjustment_factor=0.999846176527413;method=adjusted_close_divided_by_raw_close_applied_to_all_ohlc
MU,2026-06-16,1099.53082859652,1110.22925627717,1019.84313445983,1020.60302734375,45499800,MU,,provider_adjustment_factor=0.999846210254739;method=adjusted_close_divided_by_raw_close_applied_to_all_ohlc
MU,2026-06-17,1061.13686383597,1093.50188175806,1013.98408096077,1043.02954101562,46149200,MU,,provider_adjustment_factor=0.999846240474281;method=adjusted_close_divided_by_raw_close_applied_to_all_ohlc
MU,2026-06-18,1107.89949501963,1149.25324013303,1092.62193825803,1133.81555175781,64642500,MU,,provider_adjustment_factor=0.9998461728251;method=adjusted_close_divided_by_raw_close_applied_to_all_ohlc
MU,2026-06-22,1196.0360226322,1213.37344406031,1168.3902500855,1211.19372558594,53140800,MU,,provider_adjustment_factor=0.99984622554762;method=adjusted_close_divided_by_raw_close_applied_to_all_ohlc
MU,2026-06-23,1079.83391557665,1124.82699539235,1038.3402975244,1051.60827636719,60243300,MU,,provider_adjustment_factor=0.999846218126531;method=adjusted_close_divided_by_raw_close_applied_to_all_ohlc
MU,2026-06-24,1082.05353141983,1083.15333783577,990.94755004023,1048.34875488281,68935700,MU,,provider_adjustment_factor=0.999846205681099;method=adjusted_close_divided_by_raw_close_applied_to_all_ohlc
MU,2026-06-25,1232.81036462967,1254.8069810302,1136.13529413408,1213.37341308594,82143900,MU,,provider_adjustment_factor=0.999846200024061;method=adjusted_close_divided_by_raw_close_applied_to_all_ohlc
MU,2026-06-26,1138.90484611644,1198.52568412171,1121.1875994916,1132.15588378906,86405300,MU,,provider_adjustment_factor=0.999846270722863;method=adjusted_close_divided_by_raw_close_applied_to_all_ohlc
MU,2026-06-29,1128.52635377606,1148.61335175166,1023.49258400816,1145.10388183594,60694100,MU,,provider_adjustment_factor=0.999846197037902;method=adjusted_close_divided_by_raw_close_applied_to_all_ohlc
MU,2026-06-30,1144.55396024363,1168.50035078566,1124.48710002423,1154.11254882812,42152600,MU,,provider_adjustment_factor=0.999846234283959;method=adjusted_close_divided_by_raw_close_applied_to_all_ohlc
MU,2026-07-01,1081.84367341778,1096.83135925552,1032.04127207596,1032.12133789062,51328100,MU,,provider_adjustment_factor=0.9998462709713;method=adjusted_close_divided_by_raw_close_applied_to_all_ohlc
MU,2026-07-02,1041.33983514326,1064.47629125389,950.133892508828,975.409973144531,61316900,MU,,provider_adjustment_factor=0.999846217132275;method=adjusted_close_divided_by_raw_close_applied_to_all_ohlc
MU,2026-07-06,1007,1019,980.849975585938,984.75,37115800,MU,,provider_adjustment_factor=1;method=adjusted_close_divided_by_raw_close_applied_to_all_ohlc;events=dividend=0.15
MU,2026-07-07,923.010009765625,942.02001953125,891.659973144531,938.380004882812,52367500,MU,,provider_adjustment_factor=1;method=adjusted_close_divided_by_raw_close_applied_to_all_ohlc
MU,2026-07-08,902.640014648438,959,900.409973144531,948.799987792969,42979000,MU,,provider_adjustment_factor=1;method=adjusted_close_divided_by_raw_close_applied_to_all_ohlc
MU,2026-07-09,1016.51000976562,1035.5,987.130004882812,991.640014648438,41110700,MU,,provider_adjustment_factor=1;method=adjusted_close_divided_by_raw_close_applied_to_all_ohlc
MU,2026-07-10,964.97998046875,998,954.130004882812,979.299987792969,31768100,MU,,provider_adjustment_factor=1;method=adjusted_close_divided_by_raw_close_applied_to_all_ohlc
MU,2026-07-13,929,943.5,902.599975585938,937,35536200,MU,,provider_adjustment_factor=1;method=adjusted_close_divided_by_raw_close_applied_to_all_ohlc
MU,2026-07-14,988.380004882812,994.799987792969,950.070007324219,983.119995117188,30835200,MU,,provider_adjustment_factor=1;method=adjusted_close_divided_by_raw_close_applied_to_all_ohlc
MU,2026-07-15,975.809997558594,978.400024414062,873.630004882812,904.280029296875,54779200,MU,,provider_adjustment_factor=1;method=adjusted_close_divided_by_raw_close_applied_to_all_ohlc
MU,2026-07-16,866.77001953125,887.710021972656,840.510009765625,853.200012207031,46718000,MU,,provider_adjustment_factor=1;method=adjusted_close_divided_by_raw_close_applied_to_all_ohlc
MU,2026-07-17,822.530029296875,903.960021972656,804,848.950012207031,63346300,MU,,provider_adjustment_factor=1;method=adjusted_close_divided_by_raw_close_applied_to_all_ohlc
MU,2026-07-20,885.570007324219,901,858.900024414062,865.460021972656,37705200,MU,,provider_adjustment_factor=1;method=adjusted_close_divided_by_raw_close_applied_to_all_ohlc
MU,2026-07-21,925.349975585938,982.880004882812,916.570007324219,970.820007324219,49369000,MU,,provider_adjustment_factor=1;method=adjusted_close_divided_by_raw_close_applied_to_all_ohlc
MU,2026-07-22,938.25,982.619995117188,936.059997558594,959.47998046875,31588600,MU,,provider_adjustment_factor=1;method=adjusted_close_divided_by_raw_close_applied_to_all_ohlc
MU,2026-07-23,975.130004882812,1011.77001953125,964.400024414062,990.210021972656,40196300,MU,,provider_adjustment_factor=1;method=adjusted_close_divided_by_raw_close_applied_to_all_ohlc
MU,2026-07-24,959.030029296875,967.140014648438,904,920.950012207031,40803100,MU,,provider_adjustment_factor=1;method=adjusted_close_divided_by_raw_close_applied_to_all_ohlc
NVDA,2026-05-29,214.090650532104,217.363169249655,210.648521327704,210.658493041992,289410600,NVDA,,provider_adjustment_factor=0.997719492521322;method=adjusted_close_divided_by_raw_close_applied_to_all_ohlc
NVDA,2026-06-01,215.238018920903,224.357174349111,215.208088554455,223.848342895508,212850700,NVDA,,provider_adjustment_factor=0.997719478902425;method=adjusted_close_divided_by_raw_close_applied_to_all_ohlc
NVDA,2026-06-02,226.661885838233,231.750260864546,220.845195137097,222.31184387207,193362900,NVDA,,provider_adjustment_factor=0.99771939935623;method=adjusted_close_divided_by_raw_close_applied_to_all_ohlc
NVDA,2026-06-03,221.214359756191,222.311857251127,214.020795755357,214.26025390625,160907000,NVDA,,provider_adjustment_factor=0.997719459400466;method=adjusted_close_divided_by_raw_close_applied_to_all_ohlc
NVDA,2026-06-04,213.670912793904,221.352319988109,210.73419644349,218.415603637695,169022200,NVDA,,provider_adjustment_factor=0.998882282903499;method=adjusted_close_divided_by_raw_close_applied_to_all_ohlc;events=dividend=0.25
NVDA,2026-06-05,214.29021047236,214.629826783464,204.101614447126,204.870758056641,219655500,NVDA,,provider_adjustment_factor=0.998882262115783;method=adjusted_close_divided_by_raw_close_applied_to_all_ohlc
NVDA,2026-06-08,209.945071328823,210.234755726821,205.769750693882,208.406799316406,138372800,NVDA,,provider_adjustment_factor=0.998882284921758;method=adjusted_close_divided_by_raw_close_applied_to_all_ohlc
NVDA,2026-06-09,210.384582551203,211.163709516245,199.117191565651,207.957305908203,180962500,NVDA,,provider_adjustment_factor=0.998882287667639;method=adjusted_close_divided_by_raw_close_applied_to_all_ohlc
NVDA,2026-06-10,204.20149632565,206.988386410502,199.696542748819,200.195983886719,161746600,NVDA,,provider_adjustment_factor=0.998882275799455;method=adjusted_close_divided_by_raw_close_applied_to_all_ohlc
NVDA,2026-06-11,201.264794750086,205.430132001067,199.31696212361,204.641006469727,158643200,NVDA,,provider_adjustment_factor=0.998882273378637;method=adjusted_close_divided_by_raw_close_applied_to_all_ohlc
NVDA,2026-06-12,204.631029851752,206.838566454752,203.212618805999,204.960662841797,112001800,NVDA,,provider_adjustment_factor=0.998882306170473;method=adjusted_close_divided_by_raw_close_applied_to_all_ohlc
NVDA,2026-06-15,208.686486404989,212.472258823219,208.107132847206,212.212539672852,149936700,NVDA,,provider_adjustment_factor=0.998882290991755;method=adjusted_close_divided_by_raw_close_applied_to_all_ohlc
NVDA,2026-06-16,210.943952092838,211.253618401988,207.058300642177,207.178176879883,125694100,NVDA,,provider_adjustment_factor=0.998882277719814;method=adjusted_close_divided_by_raw_close_applied_to_all_ohlc
NVDA,2026-06-17,208.296917454333,208.976165320082,202.853012159652,204.421249389648,128363500,NVDA,,provider_adjustment_factor=0.998882264775675;method=adjusted_close_divided_by_raw_close_applied_to_all_ohlc
NVDA,2026-06-18,207.098268422914,211.153728109212,206.269194287568,210.454513549805,241272000,NVDA,,provider_adjustment_factor=0.998882296792098;method=adjusted_close_divided_by_raw_close_applied_to_all_ohlc
NVDA,2026-06-22,211.203668620095,213.750821445034,207.487825373728,208.416778564453,122041400,NVDA,,provider_adjustment_factor=0.998882265330202;method=adjusted_close_divided_by_raw_close_applied_to_all_ohlc
NVDA,2026-06-23,201.944030401485,203.542248159498,199.77645766483,199.81640625,153496200,NVDA,,provider_adjustment_factor=0.99888228832415;method=adjusted_close_divided_by_raw_close_applied_to_all_ohlc
NVDA,2026-06-24,199.896315901957,201.444586475828,196.360279356477,198.777572631836,151810700,NVDA,,provider_adjustment_factor=0.998882274531839;method=adjusted_close_divided_by_raw_close_applied_to_all_ohlc
NVDA,2026-06-25,199.856370457144,200.575566925445,191.915259298206,195.521224975586,149550000,NVDA,,provider_adjustment_factor=0.998882290224592;method=adjusted_close_divided_by_raw_close_applied_to_all_ohlc
NVDA,2026-06-26,192.904140964112,195.331432829306,191.006270729515,192.314804077148,179304100,NVDA,,provider_adjustment_factor=0.998882279626485;method=adjusted_close_divided_by_raw_close_applied_to_all_ohlc
NVDA,2026-06-29,193.633331942939,195.960714192951,189.587855746915,194.752075195312,148835700,NVDA,,provider_adjustment_factor=0.998882258685817;method=adjusted_close_divided_by_raw_close_applied_to_all_ohlc
NVDA,2026-06-30,197.019542963218,200.405753223779,194.891918866515,199.866348266602,166476700,NVDA,,provider_adjustment_factor=0.998882262604916;method=adjusted_close_divided_by_raw_close_applied_to_all_ohlc
NVDA,2026-07-01,195.980698962519,199.626628404907,193.233772711092,197.359161376953,146147600,NVDA,,provider_adjustment_factor=0.998882273246002;method=adjusted_close_divided_by_raw_close_applied_to_all_ohlc
NVDA,2026-07-02,196.919659365963,199.836393902628,192.135019773841,194.612243652344,142068700,NVDA,,provider_adjustment_factor=0.998882317011423;method=adjusted_close_divided_by_raw_close_applied_to_all_ohlc
NVDA,2026-07-06,194.202694284663,197.329200750516,193.773182213138,195.331436157227,108999000,NVDA,,provider_adjustment_factor=0.998882296644744;method=adjusted_close_divided_by_raw_close_applied_to_all_ohlc
NVDA,2026-07-07,192.154983779862,198.188241426267,190.926362814672,196.709884643555,124154600,NVDA,,provider_adjustment_factor=0.998882303151308;method=adjusted_close_divided_by_raw_close_applied_to_all_ohlc
NVDA,2026-07-08,194.961835699341,204.930691807591,194.841974703339,203.891845703125,147419100,NVDA,,provider_adjustment_factor=0.998882277976092;method=adjusted_close_divided_by_raw_close_applied_to_all_ohlc
NVDA,2026-07-09,204.231474859529,204.361319189759,198.73762239527,202.553344726562,132037400,NVDA,,provider_adjustment_factor=0.998882266228924;method=adjusted_close_divided_by_raw_close_applied_to_all_ohlc
NVDA,2026-07-10,201.774220704894,210.76416123135,201.694308293429,210.724212646484,148421000,NVDA,,provider_adjustment_factor=0.998882280717299;method=adjusted_close_divided_by_raw_close_applied_to_all_ohlc
NVDA,2026-07-13,208.306900136979,210.334645150512,202.773099113831,203.302505493164,121411000,NVDA,,provider_adjustment_factor=0.998882261644489;method=adjusted_close_divided_by_raw_close_applied_to_all_ohlc
NVDA,2026-07-14,207.967295753391,212.312439937442,203.572219646783,211.563278198242,124379600,NVDA,,provider_adjustment_factor=0.998882318932461;method=adjusted_close_divided_by_raw_close_applied_to_all_ohlc
NVDA,2026-07-15,211.723091971758,213.57101502025,205.809695539731,212.262481689453,124797200,NVDA,,provider_adjustment_factor=0.998882266773897;method=adjusted_close_divided_by_raw_close_applied_to_all_ohlc
NVDA,2026-07-16,209.935090604383,210.844077152985,205.619927005547,207.168182373047,122986100,NVDA,,provider_adjustment_factor=0.998882297346869;method=adjusted_close_divided_by_raw_close_applied_to_all_ohlc
NVDA,2026-07-17,202.413504829505,206.419017289634,197.748726405843,202.583312988281,144281900,NVDA,,provider_adjustment_factor=0.998882281085542;method=adjusted_close_divided_by_raw_close_applied_to_all_ohlc
NVDA,2026-07-20,205.639896943356,207.50781723344,202.053913096945,203.052795410156,88701500,NVDA,,provider_adjustment_factor=0.998882313210818;method=adjusted_close_divided_by_raw_close_applied_to_all_ohlc
NVDA,2026-07-21,207.308024406286,208.416784361311,203.781971130936,207.058303833008,108685600,NVDA,,provider_adjustment_factor=0.998882293112889;method=adjusted_close_divided_by_raw_close_applied_to_all_ohlc
NVDA,2026-07-22,205.579968274895,214.150380427612,204.720928868211,211.822982788086,137645600,NVDA,,provider_adjustment_factor=0.998882322110551;method=adjusted_close_divided_by_raw_close_applied_to_all_ohlc
NVDA,2026-07-23,209.225886886565,210.634299302915,205.729798943136,208.526657104492,110505300,NVDA,,provider_adjustment_factor=0.998882269551238;method=adjusted_close_divided_by_raw_close_applied_to_all_ohlc
NVDA,2026-07-24,207.21812923497,211.673150981022,204.581080583478,206.608810424805,114836800,NVDA,,provider_adjustment_factor=0.998882295894512;method=adjusted_close_divided_by_raw_close_applied_to_all_ohlc
PLTR,2026-05-29,147.824996948242,157.779006958008,145.789993286133,156.539993286133,92196600,PLTR,,provider_adjustment_factor=1;method=adjusted_close_divided_by_raw_close_applied_to_all_ohlc
PLTR,2026-06-01,159.979995727539,163.699996948242,155.880004882812,160.649993896484,57654000,PLTR,,provider_adjustment_factor=1;method=adjusted_close_divided_by_raw_close_applied_to_all_ohlc
PLTR,2026-06-02,156.690002441406,159.550003051758,149.800003051758,152.169998168945,43163100,PLTR,,provider_adjustment_factor=1;method=adjusted_close_divided_by_raw_close_applied_to_all_ohlc
PLTR,2026-06-03,149.699996948242,151.679992675781,141.25,142.199996948242,41072500,PLTR,,provider_adjustment_factor=1;method=adjusted_close_divided_by_raw_close_applied_to_all_ohlc
PLTR,2026-06-04,145.460006713867,146.369995117188,140.272003173828,141.699996948242,40834000,PLTR,,provider_adjustment_factor=1;method=adjusted_close_divided_by_raw_close_applied_to_all_ohlc
PLTR,2026-06-05,140.324996948242,141.970001220703,134.024993896484,135.529998779297,38283500,PLTR,,provider_adjustment_factor=1;method=adjusted_close_divided_by_raw_close_applied_to_all_ohlc
PLTR,2026-06-08,135.679992675781,137.759994506836,135.279998779297,136.470001220703,26978900,PLTR,,provider_adjustment_factor=1;method=adjusted_close_divided_by_raw_close_applied_to_all_ohlc
PLTR,2026-06-09,134.869995117188,136.990005493164,127.349998474121,132.070007324219,38680000,PLTR,,provider_adjustment_factor=1;method=adjusted_close_divided_by_raw_close_applied_to_all_ohlc
PLTR,2026-06-10,129.324996948242,133.184997558594,128.800003051758,130.210006713867,30612600,PLTR,,provider_adjustment_factor=1;method=adjusted_close_divided_by_raw_close_applied_to_all_ohlc
PLTR,2026-06-11,128.779998779297,131.520004272461,127.169998168945,131.080001831055,27554500,PLTR,,provider_adjustment_factor=1;method=adjusted_close_divided_by_raw_close_applied_to_all_ohlc
PLTR,2026-06-12,130.914993286133,131.089996337891,126.650001525879,127.98999786377,35378000,PLTR,,provider_adjustment_factor=1;method=adjusted_close_divided_by_raw_close_applied_to_all_ohlc
PLTR,2026-06-15,130.020004272461,134.979995727539,129.699996948242,134.710006713867,41748200,PLTR,,provider_adjustment_factor=1;method=adjusted_close_divided_by_raw_close_applied_to_all_ohlc
PLTR,2026-06-16,134.589996337891,134.589996337891,129.619995117188,133.25,30409900,PLTR,,provider_adjustment_factor=1;method=adjusted_close_divided_by_raw_close_applied_to_all_ohlc
PLTR,2026-06-17,131.759994506836,136.100006103516,129.919998168945,130.630004882812,32290800,PLTR,,provider_adjustment_factor=1;method=adjusted_close_divided_by_raw_close_applied_to_all_ohlc
PLTR,2026-06-18,130.839996337891,131.429992675781,125.01000213623,128.470001220703,55338000,PLTR,,provider_adjustment_factor=1;method=adjusted_close_divided_by_raw_close_applied_to_all_ohlc
PLTR,2026-06-22,125.73999786377,128.869995117188,119.199996948242,119.5,56924500,PLTR,,provider_adjustment_factor=1;method=adjusted_close_divided_by_raw_close_applied_to_all_ohlc
PLTR,2026-06-23,120.150001525879,120.940002441406,116.180000305176,116.699996948242,44661900,PLTR,,provider_adjustment_factor=1;method=adjusted_close_divided_by_raw_close_applied_to_all_ohlc
PLTR,2026-06-24,114.120002746582,118,112.25,113.5,46520700,PLTR,,provider_adjustment_factor=1;method=adjusted_close_divided_by_raw_close_applied_to_all_ohlc
PLTR,2026-06-25,111.379997253418,112.150001525879,106.370002746582,107.269996643066,61840100,PLTR,,provider_adjustment_factor=1;method=adjusted_close_divided_by_raw_close_applied_to_all_ohlc
PLTR,2026-06-26,109.040000915527,114.080001831055,108.470001220703,112.930000305176,61360500,PLTR,,provider_adjustment_factor=1;method=adjusted_close_divided_by_raw_close_applied_to_all_ohlc
PLTR,2026-06-29,116.230003356934,119.080001831055,114.699996948242,115.699996948242,45017400,PLTR,,provider_adjustment_factor=1;method=adjusted_close_divided_by_raw_close_applied_to_all_ohlc
PLTR,2026-06-30,114.949996948242,118.699996948242,114.569999694824,116.669998168945,38069700,PLTR,,provider_adjustment_factor=1;method=adjusted_close_divided_by_raw_close_applied_to_all_ohlc
PLTR,2026-07-01,120.050003051758,128.25,119.349998474121,125.730003356934,58561300,PLTR,,provider_adjustment_factor=1;method=adjusted_close_divided_by_raw_close_applied_to_all_ohlc
PLTR,2026-07-02,128.990005493164,132.880004882812,127.949996948242,129.300003051758,60641000,PLTR,,provider_adjustment_factor=1;method=adjusted_close_divided_by_raw_close_applied_to_all_ohlc
PLTR,2026-07-06,127.23999786377,134.069000244141,126.639999389648,132.539993286133,37360100,PLTR,,provider_adjustment_factor=1;method=adjusted_close_divided_by_raw_close_applied_to_all_ohlc
PLTR,2026-07-07,133.729995727539,138.899993896484,131.460006713867,134.369995117188,52570400,PLTR,,provider_adjustment_factor=1;method=adjusted_close_divided_by_raw_close_applied_to_all_ohlc
PLTR,2026-07-08,129.490005493164,132.389999389648,126.709999084473,132.220001220703,40587800,PLTR,,provider_adjustment_factor=1;method=adjusted_close_divided_by_raw_close_applied_to_all_ohlc
PLTR,2026-07-09,127.720001220703,129.190002441406,124.809997558594,129.039993286133,35286100,PLTR,,provider_adjustment_factor=1;method=adjusted_close_divided_by_raw_close_applied_to_all_ohlc
PLTR,2026-07-10,132.139999389648,132.279998779297,125.769996643066,126.790000915527,31163000,PLTR,,provider_adjustment_factor=1;method=adjusted_close_divided_by_raw_close_applied_to_all_ohlc
PLTR,2026-07-13,127.294998168945,130.720001220703,126.194999694824,130.039993286133,39786500,PLTR,,provider_adjustment_factor=1;method=adjusted_close_divided_by_raw_close_applied_to_all_ohlc
PLTR,2026-07-14,123.610000610352,135.789993286133,122.639999389648,133.720001220703,49963700,PLTR,,provider_adjustment_factor=1;method=adjusted_close_divided_by_raw_close_applied_to_all_ohlc
PLTR,2026-07-15,134.339996337891,136.880004882812,132.880004882812,133.759994506836,26064500,PLTR,,provider_adjustment_factor=1;method=adjusted_close_divided_by_raw_close_applied_to_all_ohlc
PLTR,2026-07-16,133.080001831055,136.210006713867,128.679992675781,134.440002441406,28951300,PLTR,,provider_adjustment_factor=1;method=adjusted_close_divided_by_raw_close_applied_to_all_ohlc
PLTR,2026-07-17,131.785003662109,134.770004272461,129.050003051758,132.380004882812,31875100,PLTR,,provider_adjustment_factor=1;method=adjusted_close_divided_by_raw_close_applied_to_all_ohlc
PLTR,2026-07-20,131.880004882812,136.619995117188,131.820007324219,134.850006103516,30571300,PLTR,,provider_adjustment_factor=1;method=adjusted_close_divided_by_raw_close_applied_to_all_ohlc
PLTR,2026-07-21,133.830001831055,134.679992675781,131.225006103516,132.660003662109,23161800,PLTR,,provider_adjustment_factor=1;method=adjusted_close_divided_by_raw_close_applied_to_all_ohlc
PLTR,2026-07-22,132.220001220703,132.345001220703,123.449996948242,124.569999694824,38588300,PLTR,,provider_adjustment_factor=1;method=adjusted_close_divided_by_raw_close_applied_to_all_ohlc
PLTR,2026-07-23,125.934997558594,126.400001525879,120.730003356934,123.370002746582,29757900,PLTR,,provider_adjustment_factor=1;method=adjusted_close_divided_by_raw_close_applied_to_all_ohlc
PLTR,2026-07-24,125.165000915527,125.309997558594,122.019996643066,122.919998168945,21177000,PLTR,,provider_adjustment_factor=1;method=adjusted_close_divided_by_raw_close_applied_to_all_ohlc
POWL,2026-05-29,287.103005540947,292.870443219464,273.558978686879,284.294250488281,720500,POWL,,provider_adjustment_factor=0.99955782668759;method=adjusted_close_divided_by_raw_close_applied_to_all_ohlc
POWL,2026-06-01,280.515941242164,290.871346353546,270.88018852856,287.992614746094,513200,POWL,,provider_adjustment_factor=0.999557891249297;method=adjusted_close_divided_by_raw_close_applied_to_all_ohlc
POWL,2026-06-02,292.310701206828,299.867356141261,278.876641211372,298.937774658203,496100,POWL,,provider_adjustment_factor=0.999557853804202;method=adjusted_close_divided_by_raw_close_applied_to_all_ohlc
POWL,2026-06-03,299.367563866936,306.74430537977,283.064778438583,299.597473144531,810300,POWL,,provider_adjustment_factor=0.999557809238519;method=adjusted_close_divided_by_raw_close_applied_to_all_ohlc
POWL,2026-06-04,289.881793066567,306.724319088089,286.943090433428,299.927337646484,417600,POWL,,provider_adjustment_factor=0.999557888711629;method=adjusted_close_divided_by_raw_close_applied_to_all_ohlc
POWL,2026-06-05,291.121233242489,298.068172726648,281.755380765264,284.744049072266,473000,POWL,,provider_adjustment_factor=0.999557882377644;method=adjusted_close_divided_by_raw_close_applied_to_all_ohlc
POWL,2026-06-08,297.088578781948,297.85822732784,285.873538734508,293.470184326172,421600,POWL,,provider_adjustment_factor=0.999557827743035;method=adjusted_close_divided_by_raw_close_applied_to_all_ohlc
POWL,2026-06-09,298.847804045365,309.613030642657,265.922367450498,283.384643554688,830900,POWL,,provider_adjustment_factor=0.999557806755955;method=adjusted_close_divided_by_raw_close_applied_to_all_ohlc
POWL,2026-06-10,280.865746563145,292.890426109497,259.455234799318,262.223999023438,726900,POWL,,provider_adjustment_factor=0.999557835953067;method=adjusted_close_divided_by_raw_close_applied_to_all_ohlc
POWL,2026-06-11,272.519463195102,293.140315739406,268.001442251345,290.371551513672,679100,POWL,,provider_adjustment_factor=0.999557836535876;method=adjusted_close_divided_by_raw_close_applied_to_all_ohlc
POWL,2026-06-12,294.869579415487,304.025533406302,290.881353170463,294.619689941406,500900,POWL,,provider_adjustment_factor=0.999557896323685;method=adjusted_close_divided_by_raw_close_applied_to_all_ohlc
POWL,2026-06-15,308.15368743304,311.662114622114,294.409767472082,303.395782470703,472100,POWL,,provider_adjustment_factor=0.99955781534236;method=adjusted_close_divided_by_raw_close_applied_to_all_ohlc
POWL,2026-06-16,303.865578362819,310.632573846863,291.291154364207,292.570587158203,507400,POWL,,provider_adjustment_factor=0.999557823561905;method=adjusted_close_divided_by_raw_close_applied_to_all_ohlc
POWL,2026-06-17,297.408451717035,305.864702600735,290.591459847895,293.899993896484,541100,POWL,,provider_adjustment_factor=0.99955785163639;method=adjusted_close_divided_by_raw_close_applied_to_all_ohlc
POWL,2026-06-18,299.52750727136,303.24586367217,283.754485709105,297.068603515625,1166500,POWL,,provider_adjustment_factor=0.999557844259728;method=adjusted_close_divided_by_raw_close_applied_to_all_ohlc
POWL,2026-06-22,303.295846762753,313.191463887817,297.688341576716,307.663909912109,856300,POWL,,provider_adjustment_factor=0.999557901604106;method=adjusted_close_divided_by_raw_close_applied_to_all_ohlc
POWL,2026-06-23,287.422858409488,302.296284659272,279.876208558909,291.371124267578,1081900,POWL,,provider_adjustment_factor=0.999557887710388;method=adjusted_close_divided_by_raw_close_applied_to_all_ohlc
POWL,2026-06-24,291.001272105795,302.016388266224,287.832660404523,294.359771728516,368700,POWL,,provider_adjustment_factor=0.99955781686924;method=adjusted_close_divided_by_raw_close_applied_to_all_ohlc
POWL,2026-06-25,302.546156878191,316.849826995318,300.247186069193,309.063293457031,774000,POWL,,provider_adjustment_factor=0.999557830709565;method=adjusted_close_divided_by_raw_close_applied_to_all_ohlc
POWL,2026-06-26,295.989078951661,299.377594857271,275.748031580311,279.646301269531,3521800,POWL,,provider_adjustment_factor=0.999557894881518;method=adjusted_close_divided_by_raw_close_applied_to_all_ohlc
POWL,2026-06-29,279.886189240366,290.751377641871,273.718904194749,280.965698242188,734400,POWL,,provider_adjustment_factor=0.999557799646652;method=adjusted_close_divided_by_raw_close_applied_to_all_ohlc
POWL,2026-06-30,284.624094442296,288.4424127054,278.876636872347,286.233367919922,598900,POWL,,provider_adjustment_factor=0.999557838252139;method=adjusted_close_divided_by_raw_close_applied_to_all_ohlc
POWL,2026-07-01,275.768042269093,276.31778690966,261.884168466811,264.742889404297,817500,POWL,,provider_adjustment_factor=0.999557894911494;method=adjusted_close_divided_by_raw_close_applied_to_all_ohlc
POWL,2026-07-02,264.742874900525,269.300886715373,243.242406501647,246.221084594727,936600,POWL,,provider_adjustment_factor=0.999557840151348;method=adjusted_close_divided_by_raw_close_applied_to_all_ohlc
POWL,2026-07-06,249.259731281015,261.55431089713,245.331476328605,247.940322875977,588600,POWL,,provider_adjustment_factor=0.999557830379231;method=adjusted_close_divided_by_raw_close_applied_to_all_ohlc
POWL,2026-07-07,237.365003962573,237.894768403139,225.910064285708,233.946517944336,931200,POWL,,provider_adjustment_factor=0.999557850433358;method=adjusted_close_divided_by_raw_close_applied_to_all_ohlc
POWL,2026-07-08,229.898309403876,238.944311150394,228.428958119262,231.747497558594,671400,POWL,,provider_adjustment_factor=0.999557866973374;method=adjusted_close_divided_by_raw_close_applied_to_all_ohlc
POWL,2026-07-09,241.443206668556,243.892120400862,235.165984462009,236.475402832031,470000,POWL,,provider_adjustment_factor=0.999557870495334;method=adjusted_close_divided_by_raw_close_applied_to_all_ohlc
POWL,2026-07-10,233.506711635603,234.876101019343,229.338557201235,232.087341308594,606700,POWL,,provider_adjustment_factor=0.99955785722153;method=adjusted_close_divided_by_raw_close_applied_to_all_ohlc
POWL,2026-07-13,225.840101416218,232.387208336202,222.831422548434,225.56022644043,1072100,POWL,,provider_adjustment_factor=0.999557842683416;method=adjusted_close_divided_by_raw_close_applied_to_all_ohlc
POWL,2026-07-14,234.196404282107,236.885217304223,230.108216388873,234.146423339844,747700,POWL,,provider_adjustment_factor=0.999557837096451;method=adjusted_close_divided_by_raw_close_applied_to_all_ohlc
POWL,2026-07-15,242.072905984745,248.220195740604,233.546678984172,246.900772094727,874100,POWL,,provider_adjustment_factor=0.999557821891671;method=adjusted_close_divided_by_raw_close_applied_to_all_ohlc
POWL,2026-07-16,240.73351557135,247.940334579466,233.546691991359,235.685745239258,894900,POWL,,provider_adjustment_factor=0.999557877561206;method=adjusted_close_divided_by_raw_close_applied_to_all_ohlc
POWL,2026-07-17,228.039134701146,240.393670738802,223.411176824564,232.687072753906,1547800,POWL,,provider_adjustment_factor=0.99955788248982;method=adjusted_close_divided_by_raw_close_applied_to_all_ohlc
POWL,2026-07-20,234.886101689152,241.31325126232,227.899186915354,228.179061889648,584700,POWL,,provider_adjustment_factor=0.999557837348045;method=adjusted_close_divided_by_raw_close_applied_to_all_ohlc
POWL,2026-07-21,238.50449362762,246.400994357358,232.876978182913,244.281936645508,594500,POWL,,provider_adjustment_factor=0.999557826652439;method=adjusted_close_divided_by_raw_close_applied_to_all_ohlc
POWL,2026-07-22,237.41498664194,245.731300087309,236.135553804191,240.573577880859,407800,POWL,,provider_adjustment_factor=0.999557857744058;method=adjusted_close_divided_by_raw_close_applied_to_all_ohlc
POWL,2026-07-23,238.964302381543,247.770404594596,238.964302381543,242.36279296875,546700,POWL,,provider_adjustment_factor=0.999557849418842;method=adjusted_close_divided_by_raw_close_applied_to_all_ohlc
POWL,2026-07-24,241.393215848349,241.393215848349,225.900069489552,232.107330322266,592800,POWL,,provider_adjustment_factor=0.999557829599789;method=adjusted_close_divided_by_raw_close_applied_to_all_ohlc
SNDK,2026-05-29,1682,1708.82495117188,1641.07995605469,1694.97998046875,8751100,SNDK,,provider_adjustment_factor=1;method=adjusted_close_divided_by_raw_close_applied_to_all_ohlc
SNDK,2026-06-01,1731.15002441406,1804,1686.16003417969,1761.43005371094,9681700,SNDK,,provider_adjustment_factor=1;method=adjusted_close_divided_by_raw_close_applied_to_all_ohlc
SNDK,2026-06-02,1750.06005859375,1772.40002441406,1708.80004882812,1716.35998535156,7093300,SNDK,,provider_adjustment_factor=1;method=adjusted_close_divided_by_raw_close_applied_to_all_ohlc
SNDK,2026-06-03,1736,1861,1708.88000488281,1831.5,11884700,SNDK,,provider_adjustment_factor=1;method=adjusted_close_divided_by_raw_close_applied_to_all_ohlc
SNDK,2026-06-04,1741.31005859375,1825.90002441406,1725.07995605469,1759.68005371094,10518500,SNDK,,provider_adjustment_factor=1;method=adjusted_close_divided_by_raw_close_applied_to_all_ohlc
SNDK,2026-06-05,1678.88000488281,1682,1514.35998535156,1559.31994628906,13289000,SNDK,,provider_adjustment_factor=1;method=adjusted_close_divided_by_raw_close_applied_to_all_ohlc
SNDK,2026-06-08,1634,1694.98803710938,1602,1642,8189300,SNDK,,provider_adjustment_factor=1;method=adjusted_close_divided_by_raw_close_applied_to_all_ohlc
SNDK,2026-06-09,1700.5,1803,1536,1646.5400390625,16221600,SNDK,,provider_adjustment_factor=1;method=adjusted_close_divided_by_raw_close_applied_to_all_ohlc
SNDK,2026-06-10,1624.38000488281,1764.65002441406,1590,1643.22998046875,10362000,SNDK,,provider_adjustment_factor=1;method=adjusted_close_divided_by_raw_close_applied_to_all_ohlc
SNDK,2026-06-11,1672.26000976562,1895,1665,1881.51000976562,13759400,SNDK,,provider_adjustment_factor=1;method=adjusted_close_divided_by_raw_close_applied_to_all_ohlc
SNDK,2026-06-12,1890.97998046875,2021.65002441406,1865.10998535156,1980.09997558594,11926100,SNDK,,provider_adjustment_factor=1;method=adjusted_close_divided_by_raw_close_applied_to_all_ohlc
SNDK,2026-06-15,2101.1201171875,2119.89990234375,2021.10998535156,2107.86010742188,9156400,SNDK,,provider_adjustment_factor=1;method=adjusted_close_divided_by_raw_close_applied_to_all_ohlc
SNDK,2026-06-16,2134.19995117188,2167.330078125,1980.18005371094,1991.55004882812,9588500,SNDK,,provider_adjustment_factor=1;method=adjusted_close_divided_by_raw_close_applied_to_all_ohlc
SNDK,2026-06-17,2074.59008789062,2074.59008789062,1938,1958.80004882812,9182500,SNDK,,provider_adjustment_factor=1;method=adjusted_close_divided_by_raw_close_applied_to_all_ohlc
SNDK,2026-06-18,2044.74499511719,2191.68994140625,2029,2184.75,12178300,SNDK,,provider_adjustment_factor=1;method=adjusted_close_divided_by_raw_close_applied_to_all_ohlc
SNDK,2026-06-22,2293.31494140625,2354.38989257812,2251.28491210938,2273.72998046875,9977600,SNDK,,provider_adjustment_factor=1;method=adjusted_close_divided_by_raw_close_applied_to_all_ohlc
SNDK,2026-06-23,2007.69995117188,2060,1949.9599609375,1963.59997558594,12868300,SNDK,,provider_adjustment_factor=1;method=adjusted_close_divided_by_raw_close_applied_to_all_ohlc
SNDK,2026-06-24,1987.53002929688,2021.5,1861.01000976562,1914.4599609375,10421300,SNDK,,provider_adjustment_factor=1;method=adjusted_close_divided_by_raw_close_applied_to_all_ohlc
SNDK,2026-06-25,2238.30493164062,2347.9990234375,2092.080078125,2335,15030200,SNDK,,provider_adjustment_factor=1;method=adjusted_close_divided_by_raw_close_applied_to_all_ohlc
SNDK,2026-06-26,2169.9951171875,2256.11010742188,2063.0390625,2090.7099609375,16867100,SNDK,,provider_adjustment_factor=1;method=adjusted_close_divided_by_raw_close_applied_to_all_ohlc
SNDK,2026-06-29,2090.7099609375,2090.7099609375,1895,2050.38989257812,11251000,SNDK,,provider_adjustment_factor=1;method=adjusted_close_divided_by_raw_close_applied_to_all_ohlc
SNDK,2026-06-30,2109.72998046875,2280.80004882812,2070,2273.72998046875,11454300,SNDK,,provider_adjustment_factor=1;method=adjusted_close_divided_by_raw_close_applied_to_all_ohlc
SNDK,2026-07-01,2085.169921875,2129.97998046875,2002.05004882812,2032.21997070312,11056500,SNDK,,provider_adjustment_factor=1;method=adjusted_close_divided_by_raw_close_applied_to_all_ohlc
SNDK,2026-07-02,2043.80004882812,2052.5400390625,1693,1745,17259300,SNDK,,provider_adjustment_factor=1;method=adjusted_close_divided_by_raw_close_applied_to_all_ohlc
SNDK,2026-07-06,1828.68005371094,1837.77001953125,1713.19995117188,1744.43005371094,9164200,SNDK,,provider_adjustment_factor=1;method=adjusted_close_divided_by_raw_close_applied_to_all_ohlc
SNDK,2026-07-07,1619.28002929688,1638.88000488281,1485.02001953125,1617.69995117188,14530800,SNDK,,provider_adjustment_factor=1;method=adjusted_close_divided_by_raw_close_applied_to_all_ohlc
SNDK,2026-07-08,1591.80004882812,1734.68994140625,1590,1727.18005371094,12048600,SNDK,,provider_adjustment_factor=1;method=adjusted_close_divided_by_raw_close_applied_to_all_ohlc
SNDK,2026-07-09,1835.61303710938,1952.58996582031,1801,1858.27001953125,13359300,SNDK,,provider_adjustment_factor=1;method=adjusted_close_divided_by_raw_close_applied_to_all_ohlc
SNDK,2026-07-10,1778.98400878906,1946.8349609375,1773,1915.92004394531,11022700,SNDK,,provider_adjustment_factor=1;method=adjusted_close_divided_by_raw_close_applied_to_all_ohlc
SNDK,2026-07-13,1792.85998535156,1800,1646.17004394531,1673.96997070312,13900700,SNDK,,provider_adjustment_factor=1;method=adjusted_close_divided_by_raw_close_applied_to_all_ohlc
SNDK,2026-07-14,1807,1812.5400390625,1711.46997070312,1757.81994628906,9630900,SNDK,,provider_adjustment_factor=1;method=adjusted_close_divided_by_raw_close_applied_to_all_ohlc
SNDK,2026-07-15,1717.2900390625,1729.5,1478.5,1615,19082600,SNDK,,provider_adjustment_factor=1;method=adjusted_close_divided_by_raw_close_applied_to_all_ohlc
SNDK,2026-07-16,1527.48999023438,1551.62902832031,1390.0400390625,1411.07995605469,17449900,SNDK,,provider_adjustment_factor=1;method=adjusted_close_divided_by_raw_close_applied_to_all_ohlc
SNDK,2026-07-17,1365.20495605469,1501.19995117188,1325.03002929688,1354.81994628906,19810900,SNDK,,provider_adjustment_factor=1;method=adjusted_close_divided_by_raw_close_applied_to_all_ohlc
SNDK,2026-07-20,1408.78002929688,1454.98999023438,1375.60998535156,1390.94995117188,12572000,SNDK,,provider_adjustment_factor=1;method=adjusted_close_divided_by_raw_close_applied_to_all_ohlc
SNDK,2026-07-21,1511.67004394531,1595.63903808594,1489.64501953125,1589.40002441406,14295900,SNDK,,provider_adjustment_factor=1;method=adjusted_close_divided_by_raw_close_applied_to_all_ohlc
SNDK,2026-07-22,1526,1628.40002441406,1516.01000976562,1599.27001953125,10539100,SNDK,,provider_adjustment_factor=1;method=adjusted_close_divided_by_raw_close_applied_to_all_ohlc
SNDK,2026-07-23,1567.59997558594,1696.36999511719,1558.60998535156,1610.32995605469,12756900,SNDK,,provider_adjustment_factor=1;method=adjusted_close_divided_by_raw_close_applied_to_all_ohlc
SNDK,2026-07-24,1551.1650390625,1573.08996582031,1411.5,1436.56005859375,14081100,SNDK,,provider_adjustment_factor=1;method=adjusted_close_divided_by_raw_close_applied_to_all_ohlc
SPY,2026-05-29,753.95766701036,756.132057986475,752.750754304883,754.5361328125,55075700,SPY,,provider_adjustment_factor=0.997430404364375;method=adjusted_close_divided_by_raw_close_applied_to_all_ohlc
SPY,2026-06-01,753.418999002021,758.326400315579,752.750737691775,756.5908203125,43634900,SPY,,provider_adjustment_factor=0.997430382351221;method=adjusted_close_divided_by_raw_close_applied_to_all_ohlc
SPY,2026-06-02,755.08477376821,758.446109385272,754.805464031348,757.618225097656,31581900,SPY,,provider_adjustment_factor=0.9974304116701;method=adjusted_close_divided_by_raw_close_applied_to_all_ohlc
SPY,2026-06-03,756.201866759497,756.850159979344,751.633618574309,752.301879882812,51402500,SPY,,provider_adjustment_factor=0.997430379750933;method=adjusted_close_divided_by_raw_close_applied_to_all_ohlc
SPY,2026-06-04,750.167363557071,756.36142812572,749.53897754815,755.144592285156,49923000,SPY,,provider_adjustment_factor=0.997430378817176;method=adjusted_close_divided_by_raw_close_applied_to_all_ohlc
SPY,2026-06-05,750.376867717091,750.885566965641,733.640017129591,735.65478515625,93989400,SPY,,provider_adjustment_factor=0.997430407880027;method=adjusted_close_divided_by_raw_close_applied_to_all_ohlc
SPY,2026-06-08,741.449810832712,743.424764324213,736.29311296589,737.320434570312,49319100,SPY,,provider_adjustment_factor=0.997430350628913;method=adjusted_close_divided_by_raw_close_applied_to_all_ohlc
SPY,2026-06-09,741.719175997013,744.980792898277,720.733262218701,735.156066894531,87683500,SPY,,provider_adjustment_factor=0.997430403731355;method=adjusted_close_divided_by_raw_close_applied_to_all_ohlc
SPY,2026-06-10,731.505485761435,736.482653649508,723.466199281428,723.56591796875,60341300,SPY,,provider_adjustment_factor=0.997430386493733;method=adjusted_close_divided_by_raw_close_applied_to_all_ohlc
SPY,2026-06-11,726.887384259247,738.098492156334,722.54852551485,735.8642578125,86330500,SPY,,provider_adjustment_factor=0.997430394805857;method=adjusted_close_divided_by_raw_close_applied_to_all_ohlc
SPY,2026-06-12,738.806688447914,742.52708433341,733.141291120055,739.843994140625,57079500,SPY,,provider_adjustment_factor=0.997430393179137;method=adjusted_close_divided_by_raw_close_applied_to_all_ohlc
SPY,2026-06-15,749.91799696889,754.73560268673,749.828262327731,752.890380859375,60176400,SPY,,provider_adjustment_factor=0.997430366855379;method=adjusted_close_divided_by_raw_close_applied_to_all_ohlc
SPY,2026-06-16,752.611104653055,753.498832329889,747.953121678324,748.401977539062,67093100,SPY,,provider_adjustment_factor=0.997430411276549;method=adjusted_close_divided_by_raw_close_applied_to_all_ohlc
SPY,2026-06-17,749.359442182695,750.217278570044,737.320450288557,739.056030273438,85945200,SPY,,provider_adjustment_factor=0.997430371892198;method=adjusted_close_divided_by_raw_close_applied_to_all_ohlc
SPY,2026-06-18,747.760009765625,748.22998046875,743.859985351562,746.739990234375,80875700,SPY,,provider_adjustment_factor=1;method=adjusted_close_divided_by_raw_close_applied_to_all_ohlc;events=dividend=1.904
SPY,2026-06-22,747.700012207031,750.179992675781,743.130004882812,744.390014648438,46628100,SPY,,provider_adjustment_factor=1;method=adjusted_close_divided_by_raw_close_applied_to_all_ohlc
SPY,2026-06-23,733.809997558594,739.630004882812,732.299987792969,733.580017089844,66846800,SPY,,provider_adjustment_factor=1;method=adjusted_close_divided_by_raw_close_applied_to_all_ohlc
SPY,2026-06-24,735.169982910156,739.950012207031,730.840026855469,733.239990234375,57439500,SPY,,provider_adjustment_factor=1;method=adjusted_close_divided_by_raw_close_applied_to_all_ohlc
SPY,2026-06-25,738.909973144531,739.369995117188,729.599975585938,734.299987792969,53934400,SPY,,provider_adjustment_factor=1;method=adjusted_close_divided_by_raw_close_applied_to_all_ohlc
SPY,2026-06-26,728.950012207031,736.530029296875,716.580017089844,728.989990234375,71034000,SPY,,provider_adjustment_factor=1;method=adjusted_close_divided_by_raw_close_applied_to_all_ohlc
SPY,2026-06-29,736.530029296875,741.559997558594,732.090026855469,741,58035200,SPY,,provider_adjustment_factor=1;method=adjusted_close_divided_by_raw_close_applied_to_all_ohlc
SPY,2026-06-30,741.289978027344,748.02001953125,740.890014648438,746.77001953125,55626000,SPY,,provider_adjustment_factor=1;method=adjusted_close_divided_by_raw_close_applied_to_all_ohlc
SPY,2026-07-01,745,749.440002441406,742.380004882812,745.760009765625,47100900,SPY,,provider_adjustment_factor=1;method=adjusted_close_divided_by_raw_close_applied_to_all_ohlc
SPY,2026-07-02,747.400024414062,751.309997558594,740.030029296875,744.780029296875,57447800,SPY,,provider_adjustment_factor=1;method=adjusted_close_divided_by_raw_close_applied_to_all_ohlc
SPY,2026-07-06,748.739990234375,752.409973144531,747.409973144531,751.280029296875,50673300,SPY,,provider_adjustment_factor=1;method=adjusted_close_divided_by_raw_close_applied_to_all_ohlc
SPY,2026-07-07,750.219970703125,750.960021972656,745.210021972656,747.710021972656,43721500,SPY,,provider_adjustment_factor=1;method=adjusted_close_divided_by_raw_close_applied_to_all_ohlc
SPY,2026-07-08,743.159973144531,746.150024414062,739.510009765625,745.400024414062,43767400,SPY,,provider_adjustment_factor=1;method=adjusted_close_divided_by_raw_close_applied_to_all_ohlc
SPY,2026-07-09,747.349975585938,751.969970703125,745.590026855469,751.710021972656,41441700,SPY,,provider_adjustment_factor=1;method=adjusted_close_divided_by_raw_close_applied_to_all_ohlc
SPY,2026-07-10,752.049987792969,755.419982910156,748.099975585938,754.950012207031,42191300,SPY,,provider_adjustment_factor=1;method=adjusted_close_divided_by_raw_close_applied_to_all_ohlc
SPY,2026-07-13,752.469970703125,753.909973144531,748,749.169982910156,44013600,SPY,,provider_adjustment_factor=1;method=adjusted_close_divided_by_raw_close_applied_to_all_ohlc
SPY,2026-07-14,750.909973144531,753.340026855469,748.659973144531,751.830017089844,35143100,SPY,,provider_adjustment_factor=1;method=adjusted_close_divided_by_raw_close_applied_to_all_ohlc
SPY,2026-07-15,754.239990234375,755.580017089844,750.200012207031,754.809997558594,43844800,SPY,,provider_adjustment_factor=1;method=adjusted_close_divided_by_raw_close_applied_to_all_ohlc
SPY,2026-07-16,752.760009765625,754.570007324219,747.880004882812,750.719970703125,46409800,SPY,,provider_adjustment_factor=1;method=adjusted_close_divided_by_raw_close_applied_to_all_ohlc
SPY,2026-07-17,742.080017089844,747.289978027344,740.799987792969,743.289978027344,62651000,SPY,,provider_adjustment_factor=1;method=adjusted_close_divided_by_raw_close_applied_to_all_ohlc
SPY,2026-07-20,747.059997558594,748.72998046875,741.510009765625,742.090026855469,50422300,SPY,,provider_adjustment_factor=1;method=adjusted_close_divided_by_raw_close_applied_to_all_ohlc
SPY,2026-07-21,746.289978027344,749.039978027344,744.179992675781,748.280029296875,34324300,SPY,,provider_adjustment_factor=1;method=adjusted_close_divided_by_raw_close_applied_to_all_ohlc
SPY,2026-07-22,746.619995117188,750.02001953125,746.369995117188,747.409973144531,32836200,SPY,,provider_adjustment_factor=1;method=adjusted_close_divided_by_raw_close_applied_to_all_ohlc
SPY,2026-07-23,739.369995117188,742.559997558594,735.210021972656,738.179992675781,55437300,SPY,,provider_adjustment_factor=1;method=adjusted_close_divided_by_raw_close_applied_to_all_ohlc
SPY,2026-07-24,738.510009765625,743.719970703125,737.289978027344,738.929992675781,44782000,SPY,,provider_adjustment_factor=1;method=adjusted_close_divided_by_raw_close_applied_to_all_ohlc
VRT,2026-05-29,315.057207370074,319.435197339684,307.86045720787,315.566955566406,7218800,VRT,,provider_adjustment_factor=0.999546938986591;method=adjusted_close_divided_by_raw_close_applied_to_all_ohlc
VRT,2026-06-01,317.845921873728,328.431120314016,312.988138384311,323.243499755859,6162100,VRT,,provider_adjustment_factor=0.999546940579667;method=adjusted_close_divided_by_raw_close_applied_to_all_ohlc
VRT,2026-06-02,334.998175147703,345.023630463199,331.079967940699,334.338470458984,5077300,VRT,,provider_adjustment_factor=0.999547012527088;method=adjusted_close_divided_by_raw_close_applied_to_all_ohlc
VRT,2026-06-03,340.71054272675,343.47430453423,326.641938476765,331.289825439453,3927700,VRT,,provider_adjustment_factor=0.999546895363122;method=adjusted_close_divided_by_raw_close_applied_to_all_ohlc
VRT,2026-06-04,320.949552372374,326.711925094463,305.861388849345,323.773284912109,6075900,VRT,,provider_adjustment_factor=0.999547022383482;method=adjusted_close_divided_by_raw_close_applied_to_all_ohlc
VRT,2026-06-05,313.612865636627,314.857296738374,294.261620362438,300.373870849609,7330000,VRT,,provider_adjustment_factor=0.999546973772615;method=adjusted_close_divided_by_raw_close_applied_to_all_ohlc
VRT,2026-06-08,309.1098982057,310.466278065383,300.08399035294,300.433837890625,4790000,VRT,,provider_adjustment_factor=0.999546962670008;method=adjusted_close_divided_by_raw_close_applied_to_all_ohlc
VRT,2026-06-09,300.293885441304,306.990862265202,276.374734043703,289.388824462891,11117700,VRT,,provider_adjustment_factor=0.999546958566736;method=adjusted_close_divided_by_raw_close_applied_to_all_ohlc
VRT,2026-06-10,284.391065621808,294.216628475766,275.055301478682,280.852691650391,6904200,VRT,,provider_adjustment_factor=0.999546874044561;method=adjusted_close_divided_by_raw_close_applied_to_all_ohlc
VRT,2026-06-11,284.121226077592,298.524701568396,283.271605052775,297.745056152344,5408800,VRT,,provider_adjustment_factor=0.999546969490208;method=adjusted_close_divided_by_raw_close_applied_to_all_ohlc
VRT,2026-06-12,303.342527603945,305.051744393804,294.966319054907,302.732788085938,4958100,VRT,,provider_adjustment_factor=0.999546977140483;method=adjusted_close_divided_by_raw_close_applied_to_all_ohlc
VRT,2026-06-15,315.922556005965,319.760604419913,310.294937735105,311.853546142578,5346400,VRT,,provider_adjustment_factor=0.999754924069509;method=adjusted_close_divided_by_raw_close_applied_to_all_ohlc;events=dividend=0.063
VRT,2026-06-16,314.123008777535,316.293466706445,299.016696036964,299.526580810547,4581900,VRT,,provider_adjustment_factor=0.999754922258101;method=adjusted_close_divided_by_raw_close_applied_to_all_ohlc
VRT,2026-06-17,304.64530332647,329.619190808562,303.125686917085,317.502136230469,6181400,VRT,,provider_adjustment_factor=0.999754863829308;method=adjusted_close_divided_by_raw_close_applied_to_all_ohlc
VRT,2026-06-18,331.148822562851,337.707212187857,326.41997095859,332.968353271484,7262600,VRT,,provider_adjustment_factor=0.99975488808144;method=adjusted_close_divided_by_raw_close_applied_to_all_ohlc
VRT,2026-06-22,338.796943459319,358.452128342313,337.917154270726,357.872253417969,7284300,VRT,,provider_adjustment_factor=0.999754894292089;method=adjusted_close_divided_by_raw_close_applied_to_all_ohlc
VRT,2026-06-23,337.877143432446,337.887150744262,316.432420023894,318.241973876953,10277700,VRT,,provider_adjustment_factor=0.999754858489978;method=adjusted_close_divided_by_raw_close_applied_to_all_ohlc
VRT,2026-06-24,323.650676858631,323.660653661137,308.204450872215,316.352447509766,6106100,VRT,,provider_adjustment_factor=0.999754937370633;method=adjusted_close_divided_by_raw_close_applied_to_all_ohlc
VRT,2026-06-25,338.836937617832,339.91665946463,321.261229728094,325.490203857422,6305000,VRT,,provider_adjustment_factor=0.999754880778322;method=adjusted_close_divided_by_raw_close_applied_to_all_ohlc
VRT,2026-06-26,313.923043496508,315.922553327696,300.116430552963,303.875518798828,21988200,VRT,,provider_adjustment_factor=0.999754915593975;method=adjusted_close_divided_by_raw_close_applied_to_all_ohlc
VRT,2026-06-29,304.575336605599,309.124239892193,294.227866866541,306.894775390625,6708600,VRT,,provider_adjustment_factor=0.999754940776692;method=adjusted_close_divided_by_raw_close_applied_to_all_ohlc
VRT,2026-06-30,309.924021422278,337.147358545684,309.924021422278,334.737945556641,7742500,VRT,,provider_adjustment_factor=0.999754907813801;method=adjusted_close_divided_by_raw_close_applied_to_all_ohlc
VRT,2026-07-01,325.720139009956,327.134800757105,309.434153416527,311.343688964844,6259800,VRT,,provider_adjustment_factor=0.999754914714534;method=adjusted_close_divided_by_raw_close_applied_to_all_ohlc
VRT,2026-07-02,309.734053302997,316.91228593487,296.377342907538,300.456329345703,5898700,VRT,,provider_adjustment_factor=0.999754868286384;method=adjusted_close_divided_by_raw_close_applied_to_all_ohlc
VRT,2026-07-06,311.913514661995,329.29926663738,307.944486575447,318.391937255859,6428200,VRT,,provider_adjustment_factor=0.999754878121818;method=adjusted_close_divided_by_raw_close_applied_to_all_ohlc
VRT,2026-07-07,304.670309616332,306.154961544618,287.039621757737,305.505096435547,5986600,VRT,,provider_adjustment_factor=0.999754924602364;method=adjusted_close_divided_by_raw_close_applied_to_all_ohlc
VRT,2026-07-08,301.566096320684,319.57166213721,300.526342634829,317.732116699219,4425200,VRT,,provider_adjustment_factor=0.999754945218925;method=adjusted_close_divided_by_raw_close_applied_to_all_ohlc
VRT,2026-07-09,333.468251758303,338.796962733688,322.301006039403,323.840637207031,3946300,VRT,,provider_adjustment_factor=0.999754951168768;method=adjusted_close_divided_by_raw_close_applied_to_all_ohlc
VRT,2026-07-10,320.231486629676,323.730628747458,315.60261660368,318.781829833984,3001200,VRT,,provider_adjustment_factor=0.999754890794805;method=adjusted_close_divided_by_raw_close_applied_to_all_ohlc
VRT,2026-07-13,311.863532736092,316.002501981512,301.995957172704,305.795013427734,3720300,VRT,,provider_adjustment_factor=0.999754857649818;method=adjusted_close_divided_by_raw_close_applied_to_all_ohlc
VRT,2026-07-14,315.452668196243,317.102257709656,300.116431408523,303.505584716797,3560900,VRT,,provider_adjustment_factor=0.999754918444036;method=adjusted_close_divided_by_raw_close_applied_to_all_ohlc
VRT,2026-07-15,306.174942260387,309.359159219087,289.708977614583,304.495361328125,3873700,VRT,,provider_adjustment_factor=0.999754913503304;method=adjusted_close_divided_by_raw_close_applied_to_all_ohlc
VRT,2026-07-16,296.927209175591,301.206158983037,287.459528928611,294.037902832031,5017800,VRT,,provider_adjustment_factor=0.999754913049127;method=adjusted_close_divided_by_raw_close_applied_to_all_ohlc
VRT,2026-07-17,279.141544809922,297.252124773812,272.863085534444,289.489013671875,6068200,VRT,,provider_adjustment_factor=0.999754856032196;method=adjusted_close_divided_by_raw_close_applied_to_all_ohlc
VRT,2026-07-20,294.927711836733,301.586083500767,290.888693274175,291.598541259766,3770300,VRT,,provider_adjustment_factor=0.999754955378756;method=adjusted_close_divided_by_raw_close_applied_to_all_ohlc
VRT,2026-07-21,302.975697256992,306.374888179399,297.077149701793,304.425354003906,3485200,VRT,,provider_adjustment_factor=0.999754857155686;method=adjusted_close_divided_by_raw_close_applied_to_all_ohlc
VRT,2026-07-22,294.18287545318,303.810519775431,293.478031181061,301.086181640625,2935100,VRT,,provider_adjustment_factor=0.999754874416965;method=adjusted_close_divided_by_raw_close_applied_to_all_ohlc
VRT,2026-07-23,299.926466329739,313.533115707385,299.926466329739,303.965484619141,3098500,VRT,,provider_adjustment_factor=0.999754887765798;method=adjusted_close_divided_by_raw_close_applied_to_all_ohlc
VRT,2026-07-24,300.426347698611,302.415850188026,288.479264429685,290.288818359375,3405200,VRT,,provider_adjustment_factor=0.999754900827325;method=adjusted_close_divided_by_raw_close_applied_to_all_ohlc
